,AllTipsSchumm,AllSpecies_MM,Schumm_MM_DirectMatch,Extra_in_MM,Schumm_OrigNames,ChangeNameInSchumm,Final_Extra_in_MM,DownloadJetzTree
1,Abroscopus_albogularis,Abroscopus_albogularis,Abroscopus_albogularis,Accipiter_trivirgatus,Ficedula_monileger,Anthipes_monileger,Dendrocopos_hyperythrus,Abroscopus albogularis
2,Abroscopus_schisticeps,Abroscopus_schisticeps,Abroscopus_schisticeps,Anthipes_monileger,Haematospiza_sipahi,Carpodacus_sipahi,Gallus_gallus,Abroscopus schisticeps
3,Abroscopus_superciliaris,Abroscopus_superciliaris,Abroscopus_superciliaris,Arborophila_mandellii,Propyrrhula_subhimachala,Carpodacus_subhimachalus,Lophura_leucomelanos,Abroscopus superciliaris
4,Aceros_nipalensis,Accipiter_trivirgatus,Aceros_nipalensis,Arborophila_rufogularis,Tesia_castaneocoronata,Cettia_castaneocoronata,Microhierax_melanoleucos,Accipiter trivirgatus
5,Aceros_undulatus,Aceros_nipalensis,Acridotheres_tristis,Arborophila_torqueola,Chelidorhynx_hypoxantha,Chelidorhynx_hypoxanthus,Polyplectron_bicalcaratum,Aceros nipalensis
6,Acridotheres_fuscus,Acridotheres_tristis,Actinodura_egertoni,Carpodacus_sipahi,Paradoxornis_atrosuperciliaris,Chleuasicus_atrosuperciliaris,Tragopan_blythii,Aceros undulatus
7,Acridotheres_ginginianus,Actinodura_egertoni,Aegithalos_concinnus,Carpodacus_subhimachalus,Carduelis_spinoides,Chloris_spinoides,Tragopan_temminckii,Acridotheres tristis
8,Acridotheres_grandis,Aegithalos_concinnus,Aegithina_tiphia,Cettia_castaneocoronata,Paradoxornis_unicolor,Cholornis_unicolor,Arborophila_mandellii,Actinodura egertoni
9,Acridotheres_tristis,Aegithina_tiphia,Aethopyga_gouldiae,Chelidorhynx_hypoxanthus,Minla_strigula,Chrysominla_strigula,Arborophila_rufogularis,Aegithalos concinnus
10,Actinodura_egertoni,Aethopyga_gouldiae,Aethopyga_nipalensis,Chleuasicus_atrosuperciliaris,Picus_flavinucha,Chrysophlegma_flavinucha,Arborophila_torqueola,Aegithina tiphia
11,Actinodura_nipalensis,Aethopyga_nipalensis,Aethopyga_saturata,Chloris_spinoides,Stachyridopsis_chrysaea,Cyanoderma_chrysaeum,Sibia_waldeni,Aethopyga gouldiae
12,Aegithalos_concinnus,Aethopyga_saturata,Aethopyga_siparaja,Cholornis_unicolor,Stachyridopsis_ruficeps,Cyanoderma_ruficeps,Spilornis_cheela,Aethopyga nipalensis
13,Aegithalos_iouschistos,Aethopyga_siparaja,Alcippe_nipalensis,Chrysominla_strigula,Dicaeum_melanoxanthum,Dicaeum_melanozanthum,Nisaetus_nipalensis,Aethopyga saturata
14,Aegithina_tiphia,Alcippe_nipalensis,Alophoixus_flaveolus,Chrysophlegma_flavinucha,Dicrurus_annectans,Dicrurus_annectens,Ictinaetus_malaiensis,Aethopyga siparaja
15,Aerodramus_brevirostris,Alophoixus_flaveolus,Anthracoceros_albirostris,Cyanoderma_chrysaeum,Spelaeornis_formosus,Elachura_formosa,Accipiter_trivirgatus,Alcippe nipalensis
16,Aethopyga_gouldiae,Anthipes_monileger,Arachnothera_magna,Cyanoderma_ruficeps,Muscicapella_hodgsoni,Ficedula_hodgsoni,Pernis_ptilorhynchus,Alophoixus flaveolus
17,Aethopyga_ignicauda,Anthracoceros_albirostris,Batrachostomus_hodgsoni,Cyornis_banyumas,Cettia_brunnescens,Horornis_brunnescens,,Anthracoceros albirostris
18,Aethopyga_nipalensis,Arachnothera_magna,Blythipicus_pyrrhotis,Dendrocopos_hyperythrus,Cettia_fortipes,Horornis_fortipes,,Arachnothera magna
19,Aethopyga_saturata,Arborophila_mandellii,Brachypteryx_leucophrys,Dicaeum_melanozanthum,Pitta_nipalensis,Hydrornis_nipalensis,,Arborophila mandellii
20,Aethopyga_siparaja,Arborophila_rufogularis,Brachypteryx_montana,Dicrurus_annectens,Hypsipetes_mcclellandi,Ixos_mcclellandii,,Arborophila rufogularis
21,Alauda_gulgula,Arborophila_torqueola,Buceros_bicornis,Elachura_formosa,Coracina_melaschistos,Lalage_melaschistos,,Arborophila torqueola
22,Alcedo_atthis,Batrachostomus_hodgsoni,Cacomantis_merulinus,Ficedula_hodgsoni,Heterophasia_annectans,Leioptila_annectens,,Batrachostomus hodgsoni
23,Alcedo_hercules,Blythipicus_pyrrhotis,Cacomantis_sonneratii,Gallus_gallus,Parus_spilonotus,Machlolophus_spilonotus,,Blythipicus pyrrhotis
24,Alcedo_meninting,Brachypteryx_leucophrys,Certhia_discolor,Garrulax_caerulatus,Seicercus_castaniceps,Phylloscopus_castaniceps,,Brachypteryx leucophrys
25,Alcippe_nipalensis,Brachypteryx_montana,Cettia_brunnifrons,Garrulax_gularis,Phylloscopus_affinis,Phylloscopus_intermedius,,Brachypteryx montana
26,Alophoixus_flaveolus,Buceros_bicornis,Chalcophaps_indica,Garrulax_ocellatus,Seicercus_poliogenys,Phylloscopus_poliogenys,,Buceros bicornis
27,Amandava_amandava,Cacomantis_merulinus,Chloropsis_aurifrons,Horornis_brunnescens,Seicercus_whistleri,Phylloscopus_whistleri,,Cacomantis merulinus
28,Anthracoceros_albirostris,Cacomantis_sonneratii,Chloropsis_hardwickii,Horornis_fortipes,Xiphirhynchus_superciliaris,Pomatorhinus_superciliaris,,Cacomantis sonneratii
29,Anthus_hodgsoni,Carpodacus_sipahi,Chrysococcyx_maculatus,Hydrornis_nipalensis,Megalaima_lineata,Psilopogon_lineatus,,Carduelis spinoides
30,Anthus_roseatus,Carpodacus_subhimachalus,Chrysocolaptes_lucidus,Ictinaetus_malaiensis,Megalaima_virens,Psilopogon_virens,,Certhia discolor
31,Anthus_rufulus,Certhia_discolor,Cinclidium_frontale,Ixos_mcclellandii,Paradoxornis_ruficeps,Psittiparus_ruficeps,,Cettia brunnescens
32,Apus_acuticauda,Cettia_brunnifrons,Cissa_chinensis,Lalage_melaschistos,Aceros_undulatus,Rhyticeros_undulatus,,Cettia brunnifrons
33,Apus_affinis,Cettia_castaneocoronata,Clamator_coromandus,Leioptila_annectens,Schoeniparus_cinerea,Schoeniparus_cinereus,,Cettia fortipes
34,Apus_pacificus,Chalcophaps_indica,Cochoa_purpurea,Lophura_leucomelanos,Minla_cyanouroptera,Siva_cyanouroptera,,Chalcophaps indica
35,Arachnothera_longirostra,Chelidorhynx_hypoxanthus,Cochoa_viridis,Machlolophus_spilonotus,Paradoxornis_nipalensis,Suthora_nipalensis,,Chelidorhynx hypoxantha
36,Arachnothera_magna,Chleuasicus_atrosuperciliaris,Columba_pulchricollis,Microhierax_melanoleucos,Tephrodornis_gularis,Tephrodornis_virgatus,,Chloropsis aurifrons
37,Artamus_fuscus,Chloris_spinoides,Copsychus_malabaricus,Nisaetus_nipalensis,Cyornis_magnirostris,Cyornis_banyumas,,Chloropsis hardwickii
38,Athene_brama,Chloropsis_aurifrons,Cuculus_micropterus,Pericrocotus_flammeus,Dryonastes_caerulatus,Garrulax_caerulatus,,Chrysococcyx maculatus
39,Athene_noctua,Chloropsis_hardwickii,Cuculus_poliocephalus,Pernis_ptilorhynchus,Dryonastes_gularis,Garrulax_gularis,,Chrysocolaptes lucidus
40,Batrachostomus_hodgsoni,Cholornis_unicolor,Cuculus_saturatus,Phylloscopus_castaniceps,Ianthocincla_ocellata,Garrulax_ocellatus,,Cinclidium frontale
41,Blythipicus_pyrrhotis,Chrysococcyx_maculatus,Culicicapa_ceylonensis,Phylloscopus_intermedius,Pericrocotus_speciosus,Pericrocotus_flammeus,,Cissa chinensis
42,Brachypteryx_hyperythra,Chrysocolaptes_lucidus,Cutia_nipalensis,Phylloscopus_poliogenys,Staphida_castaniceps,Yuhina_castaniceps,,Clamator coromandus
43,Brachypteryx_leucophrys,Chrysominla_strigula,Cyornis_poliogenys,Phylloscopus_whistleri,,,,Cochoa purpurea
44,Brachypteryx_montana,Chrysophlegma_flavinucha,Cyornis_unicolor,Polyplectron_bicalcaratum,,,,Cochoa viridis
45,Bradypterus_luteoventris,Cinclidium_frontale,Dendrocitta_formosae,Pomatorhinus_superciliaris,,,,Columba pulchricollis
46,Bradypterus_mandelli,Cissa_chinensis,Dendrocitta_frontalis,Psilopogon_lineatus,,,,Copsychus malabaricus
47,Bradypterus_thoracicus,Clamator_coromandus,Dendrocopos_cathpharius,Psilopogon_virens,,,,Coracina melaschistos
48,Bubo_bengalensis,Cochoa_purpurea,Dendrocopos_darjellensis,Psittiparus_ruficeps,,,,Cuculus micropterus
49,Bubo_nipalensis,Cochoa_viridis,Dendrocopos_macei,Rhyticeros_undulatus,,,,Cuculus poliocephalus
50,Buceros_bicornis,Columba_pulchricollis,Dicaeum_cruentatum,Schoeniparus_cinereus,,,,Cuculus saturatus
51,Cacomantis_merulinus,Copsychus_malabaricus,Dicaeum_ignipectus,Sibia_waldeni,,,,Culicicapa ceylonensis
52,Cacomantis_passerinus,Cuculus_micropterus,Dicrurus_aeneus,Siva_cyanouroptera,,,,Cutia nipalensis
53,Cacomantis_sonneratii,Cuculus_poliocephalus,Dicrurus_hottentottus,Spilornis_cheela,,,,Cyornis magnirostris
54,Calandrella_acutirostris,Cuculus_saturatus,Dicrurus_leucophaeus,Suthora_nipalensis,,,,Cyornis poliogenys
55,Calandrella_raytal,Culicicapa_ceylonensis,Dicrurus_paradiseus,Tephrodornis_virgatus,,,,Cyornis unicolor
56,Caprimulgus_affinis,Cutia_nipalensis,Dicrurus_remifer,Tragopan_blythii,,,,Dendrocitta formosae
57,Caprimulgus_jotaka,Cyanoderma_chrysaeum,Ducula_aenea,Tragopan_temminckii,,,,Dendrocitta frontalis
58,Caprimulgus_macrurus,Cyanoderma_ruficeps,Ducula_badia,Yuhina_castaniceps,,,,Dendrocopos cathpharius
59,Carduelis_spinoides,Cyornis_banyumas,Enicurus_immaculatus,,,,,Dendrocopos darjellensis
60,Carpodacus_edwardsii,Cyornis_poliogenys,Enicurus_maculatus,,,,,Dendrocopos hyperythrus
61,Carpodacus_erythrinus,Cyornis_unicolor,Enicurus_schistaceus,,,,,Dendrocopos macei
62,Carpodacus_nipalensis,Dendrocitta_formosae,Erpornis_zantholeuca,,,,,Dicaeum cruentatum
63,Carpodacus_pulcherrimus,Dendrocitta_frontalis,Eumyias_thalassinus,,,,,Dicaeum ignipectus
64,Carpodacus_rodopeplus,Dendrocopos_cathpharius,Ficedula_sapphira,,,,,Dicaeum melanoxanthum
65,Carpodacus_rubescens,Dendrocopos_darjellensis,Ficedula_strophiata,,,,,Dicrurus aeneus
66,Carpodacus_rubicilloides,Dendrocopos_hyperythrus,Ficedula_tricolor,,,,,Dicrurus annectans
67,Carpodacus_thura,Dendrocopos_macei,Ficedula_westermanni,,,,,Dicrurus hottentottus
68,Carpodacus_vinaceus,Dicaeum_cruentatum,Fulvetta_ludlowi,,,,,Dicrurus leucophaeus
69,Centropus_bengalensis,Dicaeum_ignipectus,Gampsorhynchus_rufulus,,,,,Dicrurus paradiseus
70,Centropus_sinensis,Dicaeum_melanozanthum,Garrulax_albogularis,,,,,Dicrurus remifer
71,Cephalopyrus_flammiceps,Dicrurus_aeneus,Garrulax_leucolophus,,,,,Garrulax caerulatus
72,Certhia_discolor,Dicrurus_annectens,Garrulax_monileger,,,,,Garrulax gularis
73,Certhia_familiaris,Dicrurus_hottentottus,Garrulax_pectoralis,,,,,Ducula aenea
74,Certhia_nipalensis,Dicrurus_leucophaeus,Gecinulus_grantia,,,,,Ducula badia
75,Ceryle_lugubris,Dicrurus_paradiseus,Glaucidium_brodiei,,,,,Enicurus immaculatus
76,Ceryle_rudis,Dicrurus_remifer,Glaucidium_cuculoides,,,,,Enicurus maculatus
77,Cettia_brunnescens,Ducula_aenea,Gracula_religiosa,,,,,Enicurus schistaceus
78,Cettia_brunnifrons,Ducula_badia,Grammatoptila_striata,,,,,Erpornis zantholeuca
79,Cettia_flavolivacea,Elachura_formosa,Halcyon_coromanda,,,,,Eumyias thalassinus
80,Cettia_fortipes,Enicurus_immaculatus,Harpactes_erythrocephalus,,,,,Ficedula monileger
81,Cettia_major,Enicurus_maculatus,Harpactes_wardi,,,,,Ficedula sapphira
82,Cettia_pallidipes,Enicurus_schistaceus,Hemipus_picatus,,,,,Ficedula strophiata
83,Ceyx_erithaca,Erpornis_zantholeuca,Hemixos_flavala,,,,,Ficedula tricolor
84,Chaimarrornis_leucocephalus,Eumyias_thalassinus,Heterophasia_picaoides,,,,,Ficedula westermanni
85,Chalcoparia_singalensis,Ficedula_hodgsoni,Heterophasia_pulchella,,,,,Alcippe ludlowi
86,Chalcophaps_indica,Ficedula_sapphira,Hierococcyx_nisicolor,,,,,Gallus gallus
87,Chelidorhynx_hypoxantha,Ficedula_strophiata,Hierococcyx_sparverioides,,,,,Gampsorhynchus rufulus
88,Chloropsis_aurifrons,Ficedula_tricolor,Hypothymis_azurea,,,,,Garrulax albogularis
89,Chloropsis_hardwickii,Ficedula_westermanni,Hypsipetes_leucocephalus,,,,,Garrulax leucolophus
90,Chrysococcyx_maculatus,Fulvetta_ludlowi,Irena_puella,,,,,Garrulax monileger
91,Chrysococcyx_xanthorhynchus,Gallus_gallus,Leiothrix_argentauris,,,,,Garrulax pectoralis
92,Chrysocolaptes_lucidus,Gampsorhynchus_rufulus,Leucosticte_nemoricola,,,,,Gecinulus grantia
93,Chrysomma_sinense,Garrulax_albogularis,Liocichla_bugunorum,,,,,Glaucidium brodiei
94,Cinclidium_frontale,Garrulax_caerulatus,Liocichla_phoenicea,,,,,Glaucidium cuculoides
95,Cinclus_cinclus,Garrulax_gularis,Lioparus_chrysotis,,,,,Gracula religiosa
96,Cinclus_pallasii,Garrulax_leucolophus,Macronous_gularis,,,,,Garrulax striatus
97,Cinnyris_asiaticus,Garrulax_monileger,Macropygia_unchall,,,,,Haematospiza sipahi
98,Cissa_chinensis,Garrulax_ocellatus,Malacocincla_abbotti,,,,,Halcyon coromanda
99,Cisticola_exilis,Garrulax_pectoralis,Megalaima_asiatica,,,,,Harpactes erythrocephalus
100,Cisticola_juncidis,Gecinulus_grantia,Megalaima_australis,,,,,Harpactes wardi
101,Clamator_coromandus,Glaucidium_brodiei,Megalaima_franklinii,,,,,Hemipus picatus
102,Cochoa_purpurea,Glaucidium_cuculoides,Melanochlora_sultanea,,,,,Hemixos flavala
103,Cochoa_viridis,Gracula_religiosa,Micropternus_brachyurus,,,,,Heterophasia annectens
104,Columba_hodgsonii,Grammatoptila_striata,Minla_ignotincta,,,,,Heterophasia picaoides
105,Columba_leuconota,Halcyon_coromanda,Monticola_rufiventris,,,,,Heterophasia pulchella
106,Columba_livia,Harpactes_erythrocephalus,Mulleripicus_pulverulentus,,,,,Cuculus fugax
107,Columba_pulchricollis,Harpactes_wardi,Muscicapa_ferruginea,,,,,Cuculus sparverioides
108,Conostoma_oemodium,Hemipus_picatus,Muscicapa_sibirica,,,,,Hypothymis azurea
109,Copsychus_malabaricus,Hemixos_flavala,Mycerobas_melanozanthos,,,,,Hypsipetes leucocephalus
110,Copsychus_saularis,Heterophasia_picaoides,Myiomela_leucura,,,,,Hypsipetes mcclellandii
111,Coracias_benghalensis,Heterophasia_pulchella,Myophonus_caeruleus,,,,,Garrulax ocellatus
112,Coracina_macei,Hierococcyx_nisicolor,Myzornis_pyrrhoura,,,,,Ictinaetus malayensis
113,Coracina_melanoptera,Hierococcyx_sparverioides,Napothera_epilepidota,,,,,Irena puella
114,Coracina_melaschistos,Horornis_brunnescens,Niltava_grandis,,,,,Leiothrix argentauris
115,Corvus_corax,Horornis_fortipes,Niltava_macgrigoriae,,,,,Leucosticte nemoricola
116,Corvus_culminatus,Hydrornis_nipalensis,Niltava_sundara,,,,,Liocichla bugunorum
117,Corvus_japonensis,Hypothymis_azurea,Nucifraga_caryocatactes,,,,,Liocichla phoenicea
118,Corvus_splendens,Hypsipetes_leucocephalus,Nyctyornis_athertoni,,,,,Alcippe chrysotis
119,Cuculus_canorus,Ictinaetus_malaiensis,Oriolus_traillii,,,,,Lophura leucomelanos
120,Cuculus_micropterus,Irena_puella,Oriolus_xanthornus,,,,,Macronous gularis
121,Cuculus_poliocephalus,Ixos_mcclellandii,Orthotomus_sutorius,,,,,Macropygia unchall
122,Cuculus_saturatus,Lalage_melaschistos,Paradoxornis_gularis,,,,,Malacocincla abbotti
123,Culicicapa_ceylonensis,Leioptila_annectens,Pellorneum_ruficeps,,,,,Megalaima asiatica
124,Cutia_nipalensis,Leiothrix_argentauris,Pericrocotus_brevirostris,,,,,Megalaima australis
125,Cyornis_magnirostris,Leucosticte_nemoricola,Pericrocotus_ethologus,,,,,Megalaima franklinii
126,Cyornis_poliogenys,Liocichla_bugunorum,Pericrocotus_solaris,,,,,Megalaima lineata
127,Cyornis_rubeculoides,Liocichla_phoenicea,Phaenicophaeus_tristis,,,,,Megalaima virens
128,Cyornis_tickelliae,Lioparus_chrysotis,Phoenicurus_frontalis,,,,,Melanochlora sultanea
129,Cyornis_unicolor,Lophura_leucomelanos,Phyllergates_cucullatus,,,,,Microhierax melanoleucos
130,Cypsiurus_balasiensis,Machlolophus_spilonotus,Phylloscopus_cantator,,,,,Celeus brachyurus
131,Delichon_dasypus,Macronous_gularis,Phylloscopus_chloronotus,,,,,Minla cyanouroptera
132,Delichon_nipalense,Macropygia_unchall,Phylloscopus_maculipennis,,,,,Minla ignotincta
133,Dendrocitta_formosae,Malacocincla_abbotti,Phylloscopus_magnirostris,,,,,Minla strigula
134,Dendrocitta_frontalis,Megalaima_asiatica,Phylloscopus_pulcher,,,,,Monticola rufiventris
135,Dendrocitta_vagabunda,Megalaima_australis,Phylloscopus_reguloides,,,,,Mulleripicus pulverulentus
136,Dendrocopos_canicapillus,Megalaima_franklinii,Phylloscopus_xanthoschistos,,,,,Muscicapa ferruginea
137,Dendrocopos_cathpharius,Melanochlora_sultanea,Picumnus_innominatus,,,,,Muscicapa sibirica
138,Dendrocopos_darjellensis,Microhierax_melanoleucos,Picus_canus,,,,,Muscicapella hodgsoni
139,Dendrocopos_macei,Micropternus_brachyurus,Picus_chlorolophus,,,,,Mycerobas melanozanthos
140,Dicaeum_chrysorrheum,Minla_ignotincta,Pitta_sordida,,,,,Cinclidium leucurum
141,Dicaeum_cruentatum,Monticola_rufiventris,Pnoepyga_albiventer,,,,,Myophonus caeruleus
142,Dicaeum_erythrorhynchos,Mulleripicus_pulverulentus,Pnoepyga_pusilla,,,,,Myzornis pyrrhoura
143,Dicaeum_ignipectus,Muscicapa_ferruginea,Pomatorhinus_ferruginosus,,,,,Napothera epilepidota
144,Dicaeum_melanoxanthum,Muscicapa_sibirica,Pomatorhinus_ruficollis,,,,,Niltava grandis
145,Dicaeum_minullum,Mycerobas_melanozanthos,Pomatorhinus_schisticeps,,,,,Niltava macgrigoriae
146,Dicrurus_aeneus,Myiomela_leucura,Psarisomus_dalhousiae,,,,,Niltava sundara
147,Dicrurus_annectans,Myophonus_caeruleus,Psittacula_alexandri,,,,,Nisaetus nipalensis
148,Dicrurus_caerulescens,Myzornis_pyrrhoura,Pteruthius_flaviscapis,,,,,Nucifraga caryocatactes
149,Dicrurus_hottentottus,Napothera_epilepidota,Pteruthius_melanotis,,,,,Nyctyornis athertoni
150,Dicrurus_leucophaeus,Niltava_grandis,Pteruthius_rufiventer,,,,,Oriolus traillii
151,Dicrurus_macrocercus,Niltava_macgrigoriae,Pteruthius_xanthochlorus,,,,,Oriolus xanthornus
152,Dicrurus_paradiseus,Niltava_sundara,Pycnonotus_flaviventris,,,,,Orthotomus sutorius
153,Dicrurus_remifer,Nisaetus_nipalensis,Pycnonotus_striatus,,,,,Paradoxornis atrosuperciliaris
154,Dinopium_shorii,Nucifraga_caryocatactes,Pyrrhoplectes_epauletta,,,,,Paradoxornis gularis
155,Dryonastes_caerulatus,Nyctyornis_athertoni,Pyrrhula_erythaca,,,,,Paradoxornis nipalensis
156,Dryonastes_gularis,Oriolus_traillii,Pyrrhula_nipalensis,,,,,Paradoxornis ruficeps
157,Dryonastes_ruficollis,Oriolus_xanthornus,Rhipidura_albicollis,,,,,Paradoxornis unicolor
158,Ducula_aenea,Orthotomus_sutorius,Rimator_malacoptilus,,,,,Parus spilonotus
159,Ducula_badia,Paradoxornis_gularis,Sasia_ochracea,,,,,Pellorneum ruficeps
160,Dumetia_hyperythra,Pellorneum_ruficeps,Schoeniparus_castaneceps,,,,,Pericrocotus brevirostris
161,Emberiza_godlewskii,Pericrocotus_brevirostris,Sitta_cinnamoventris,,,,,Pericrocotus ethologus
162,Enicurus_immaculatus,Pericrocotus_ethologus,Sitta_formosa,,,,,Pericrocotus solaris
163,Enicurus_leschenaulti,Pericrocotus_flammeus,Sitta_himalayensis,,,,,Pericrocotus flammeus
164,Enicurus_maculatus,Pericrocotus_solaris,Spelaeornis_caudatus,,,,,Pernis ptilorhyncus
165,Enicurus_schistaceus,Pernis_ptilorhynchus,Spelaeornis_troglodytoides,,,,,Phaenicophaeus tristis
166,Enicurus_scouleri,Phaenicophaeus_tristis,Sphenocichla_humei,,,,,Phoenicurus frontalis
167,Erpornis_zantholeuca,Phoenicurus_frontalis,Stachyris_nigriceps,,,,,Orthotomus cuculatus
168,Eudynamys_scolopaceus,Phyllergates_cucullatus,Surniculus_lugubris,,,,,Phylloscopus affinis
169,Eumyias_thalassinus,Phylloscopus_cantator,Sylviparus_modestus,,,,,Phylloscopus cantator
170,Eurystomus_orientalis,Phylloscopus_castaniceps,Terpsiphone_paradisi,,,,,Phylloscopus chloronotus
171,Ficedula_hyperythra,Phylloscopus_chloronotus,Tesia_cyaniventer,,,,,Phylloscopus maculipennis
172,Ficedula_monileger,Phylloscopus_intermedius,Tesia_olivea,,,,,Phylloscopus magnirostris
173,Ficedula_sapphira,Phylloscopus_maculipennis,Tickellia_hodgsoni,,,,,Phylloscopus pulcher
174,Ficedula_strophiata,Phylloscopus_magnirostris,Treron_apicauda,,,,,Phylloscopus reguloides
175,Ficedula_superciliaris,Phylloscopus_poliogenys,Treron_curvirostra,,,,,Phylloscopus xanthoschistos
176,Ficedula_tricolor,Phylloscopus_pulcher,Treron_sphenurus,,,,,Picumnus innominatus
177,Ficedula_westermanni,Phylloscopus_reguloides,Trochalopteron_affine,,,,,Picus canus
178,Fulvetta_ludlowi,Phylloscopus_whistleri,Trochalopteron_erythrocephalum,,,,,Picus chlorolophus
179,Fulvetta_vinipectus,Phylloscopus_xanthoschistos,Trochalopteron_imbricatum,,,,,Picus flavinucha
180,Gampsorhynchus_rufulus,Picumnus_innominatus,Trochalopteron_squamatum,,,,,Pinicola subhimachala
181,Garrulax_albogularis,Picus_canus,Trochalopteron_subunicolor,,,,,Pitta nipalensis
182,Garrulax_leucolophus,Picus_chlorolophus,Urocissa_flavirostris,,,,,Pitta sordida
183,Garrulax_monileger,Pitta_sordida,Yuhina_bakeri,,,,,Pnoepyga albiventer
184,Garrulax_pectoralis,Pnoepyga_albiventer,Yuhina_flavicollis,,,,,Pnoepyga pusilla
185,Garrulus_glandarius,Pnoepyga_pusilla,Yuhina_gularis,,,,,Polyplectron bicalcaratum
186,Gecinulus_grantia,Polyplectron_bicalcaratum,Yuhina_nigrimenta,,,,,Pomatorhinus ferruginosus
187,Glaucidium_brodiei,Pomatorhinus_ferruginosus,Yuhina_occipitalis,,,,,Pomatorhinus ruficollis
188,Glaucidium_cuculoides,Pomatorhinus_ruficollis,,,,,,Pomatorhinus schisticeps
189,Glaucidium_radiatum,Pomatorhinus_schisticeps,,,,,,Psarisomus dalhousiae
190,Gracula_religiosa,Pomatorhinus_superciliaris,,,,,,Psittacula alexandri
191,Gracupica_contra,Psarisomus_dalhousiae,,,,,,Pteruthius flaviscapis
192,Grammatoptila_striata,Psilopogon_lineatus,,,,,,Pteruthius melanotis
193,Grandala_coelicolor,Psilopogon_virens,,,,,,Pteruthius rufiventer
194,Haematospiza_sipahi,Psittacula_alexandri,,,,,,Pteruthius xanthochlorus
195,Halcyon_coromanda,Psittiparus_ruficeps,,,,,,Pycnonotus melanicterus
196,Halcyon_smyrnensis,Pteruthius_flaviscapis,,,,,,Pycnonotus striatus
197,Harpactes_erythrocephalus,Pteruthius_melanotis,,,,,,Pyrrhoplectes epauletta
198,Harpactes_wardi,Pteruthius_rufiventer,,,,,,Pyrrhula erythaca
199,Hemiprocne_coronata,Pteruthius_xanthochlorus,,,,,,Pyrrhula nipalensis
200,Hemipus_picatus,Pycnonotus_flaviventris,,,,,,Rhipidura albicollis
201,Hemixos_flavala,Pycnonotus_striatus,,,,,,Rimator malacoptilus
202,Heterophasia_annectans,Pyrrhoplectes_epauletta,,,,,,Sasia ochracea
203,Heterophasia_capistrata,Pyrrhula_erythaca,,,,,,Alcippe castaneceps
204,Heterophasia_picaoides,Pyrrhula_nipalensis,,,,,,Alcippe cinerea
205,Heterophasia_pulchella,Rhipidura_albicollis,,,,,,Seicercus castaniceps
206,Heteroxenicus_stellatus,Rhyticeros_undulatus,,,,,,Seicercus poliogenys
207,Hierococcyx_nisicolor,Rimator_malacoptilus,,,,,,Seicercus whistleri
208,Hierococcyx_sparverioides,Sasia_ochracea,,,,,,Actinodura waldeni
209,Hierococcyx_varius,Schoeniparus_castaneceps,,,,,,Sitta castanea
210,Hirundapus_caudacutus,Schoeniparus_cinereus,,,,,,Sitta formosa
211,Hirundapus_cochinchinensis,Sibia_waldeni,,,,,,Sitta himalayensis
212,Hirundo_daurica,Sitta_cinnamoventris,,,,,,Spelaeornis caudatus
213,Hirundo_rustica,Sitta_formosa,,,,,,Spelaeornis formosus
214,Hodgsonius_phaenicuroides,Sitta_himalayensis,,,,,,Spelaeornis troglodytoides
215,Hypopicus_hyperythrus,Siva_cyanouroptera,,,,,,Sphenocichla humei
216,Hypothymis_azurea,Spelaeornis_caudatus,,,,,,Spilornis cheela
217,Hypsipetes_leucocephalus,Spelaeornis_troglodytoides,,,,,,Stachyris ruficeps
218,Hypsipetes_mcclellandi,Sphenocichla_humei,,,,,,Stachyris chrysaea
219,Ianthocincla_ocellata,Spilornis_cheela,,,,,,Stachyris nigriceps
220,Ianthocincla_rufogularis,Stachyris_nigriceps,,,,,,Yuhina castaniceps
221,Indicator_xanthonotus,Surniculus_lugubris,,,,,,Surniculus lugubris
222,Irena_puella,Suthora_nipalensis,,,,,,Sylviparus modestus
223,Ketupa_flavipes,Sylviparus_modestus,,,,,,Tephrodornis gularis
224,Ketupa_zeylonensis,Tephrodornis_virgatus,,,,,,Terpsiphone paradisi
225,Lanius_schach,Terpsiphone_paradisi,,,,,,Tesia castaneocoronata
226,Lanius_tephronotus,Tesia_cyaniventer,,,,,,Tesia cyaniventer
227,Leiothrix_argentauris,Tesia_olivea,,,,,,Tesia olivea
228,Leiothrix_lutea,Tickellia_hodgsoni,,,,,,Tickellia hodgsoni
229,Leptopoecile_sophiae,Tragopan_blythii,,,,,,Tragopan blythii
230,Leucosticte_nemoricola,Tragopan_temminckii,,,,,,Tragopan temminckii
231,Liocichla_bugunorum,Treron_apicauda,,,,,,Treron apicauda
232,Liocichla_phoenicea,Treron_curvirostra,,,,,,Treron curvirostra
233,Lioparus_chrysotis,Treron_sphenurus,,,,,,Treron sphenurus
234,Lonchura_atricapilla,Trochalopteron_affine,,,,,,Garrulax affinis
235,Lonchura_punctulata,Trochalopteron_erythrocephalum,,,,,,Garrulax erythrocephalus
236,Lonchura_striata,Trochalopteron_imbricatum,,,,,,Garrulax lineatus
237,Loriculus_vernalis,Trochalopteron_squamatum,,,,,,Garrulax squamatus
238,Loxia_curvirostra,Trochalopteron_subunicolor,,,,,,Garrulax subunicolor
239,Luscinia_brunnea,Urocissa_flavirostris,,,,,,Urocissa flavirostris
240,Macronous_gularis,Yuhina_bakeri,,,,,,Xiphirhynchus superciliaris
241,Macropygia_unchall,Yuhina_castaniceps,,,,,,Yuhina bakeri
242,Malacocincla_abbotti,Yuhina_flavicollis,,,,,,Yuhina flavicollis
243,Megalaima_asiatica,Yuhina_gularis,,,,,,Yuhina gularis
244,Megalaima_australis,Yuhina_nigrimenta,,,,,,Yuhina nigrimenta
245,Megalaima_franklinii,Yuhina_occipitalis,,,,,,Yuhina occipitalis
246,Megalaima_haemacephala,,,,,,,
247,Megalaima_lineata,,,,,,,
248,Megalaima_virens,,,,,,,
249,Megalurus_palustris,,,,,,,
250,Melanochlora_sultanea,,,,,,,
251,Melanocorypha_maxima,,,,,,,
252,Melophus_lathami,,,,,,,
253,Merops_leschenaulti,,,,,,,
254,Merops_orientalis,,,,,,,
255,Microhierax_caerulescens,,,,,,,
256,Micropternus_brachyurus,,,,,,,
257,Minla_cyanouroptera,,,,,,,
258,Minla_ignotincta,,,,,,,
259,Minla_strigula,,,,,,,
260,Mirafra_assamica,,,,,,,
261,Monticola_cinclorhynchus,,,,,,,
262,Monticola_rufiventris,,,,,,,
263,Montifringilla_taczanowskii,,,,,,,
264,Motacilla_alba,,,,,,,
265,Motacilla_cinerea,,,,,,,
266,Motacilla_maderaspatensis,,,,,,,
267,Mulleripicus_pulverulentus,,,,,,,
268,Muscicapa_ferruginea,,,,,,,
269,Muscicapa_sibirica,,,,,,,
270,Muscicapella_hodgsoni,,,,,,,
271,Mycerobas_affinis,,,,,,,
272,Mycerobas_carnipes,,,,,,,
273,Mycerobas_melanozanthos,,,,,,,
274,Myiomela_leucura,,,,,,,
275,Myophonus_caeruleus,,,,,,,
276,Myzornis_pyrrhoura,,,,,,,
277,Napothera_epilepidota,,,,,,,
278,Niltava_grandis,,,,,,,
279,Niltava_macgrigoriae,,,,,,,
280,Niltava_sundara,,,,,,,
281,Ninox_scutulata,,,,,,,
282,Nucifraga_caryocatactes,,,,,,,
283,Nyctyornis_athertoni,,,,,,,
284,Oriolus_kundoo,,,,,,,
285,Oriolus_tenuirostris,,,,,,,
286,Oriolus_traillii,,,,,,,
287,Oriolus_xanthornus,,,,,,,
288,Orthotomus_sutorius,,,,,,,
289,Otus_bakkamoena,,,,,,,
290,Otus_lettia,,,,,,,
291,Otus_spilocephalus,,,,,,,
292,Otus_sunia,,,,,,,
293,Paradoxornis_atrosuperciliaris,,,,,,,
294,Paradoxornis_flavirostris,,,,,,,
295,Paradoxornis_fulvifrons,,,,,,,
296,Paradoxornis_gularis,,,,,,,
297,Paradoxornis_nipalensis,,,,,,,
298,Paradoxornis_ruficeps,,,,,,,
299,Paradoxornis_unicolor,,,,,,,
300,Parus_ater,,,,,,,
301,Parus_dichrous,,,,,,,
302,Parus_major,,,,,,,
303,Parus_monticolus,,,,,,,
304,Parus_rubidiventris,,,,,,,
305,Parus_spilonotus,,,,,,,
306,Parus_xanthogenys,,,,,,,
307,Passer_domesticus,,,,,,,
308,Passer_montanus,,,,,,,
309,Passer_rutilans,,,,,,,
310,Pelargopsis_capensis,,,,,,,
311,Pellorneum_albiventre,,,,,,,
312,Pellorneum_ruficeps,,,,,,,
313,Pellorneum_tickelli,,,,,,,
314,Pericrocotus_brevirostris,,,,,,,
315,Pericrocotus_cinnamomeus,,,,,,,
316,Pericrocotus_ethologus,,,,,,,
317,Pericrocotus_solaris,,,,,,,
318,Pericrocotus_speciosus,,,,,,,
319,Phaenicophaeus_tristis,,,,,,,
320,Phodilus_badius,,,,,,,
321,Phoenicurus_frontalis,,,,,,,
322,Phoenicurus_ochruros,,,,,,,
323,Phoenicurus_schisticeps,,,,,,,
324,Phyllergates_cucullatus,,,,,,,
325,Phylloscopus_affinis,,,,,,,
326,Phylloscopus_cantator,,,,,,,
327,Phylloscopus_chloronotus,,,,,,,
328,Phylloscopus_fuligiventer,,,,,,,
329,Phylloscopus_maculipennis,,,,,,,
330,Phylloscopus_magnirostris,,,,,,,
331,Phylloscopus_pulcher,,,,,,,
332,Phylloscopus_reguloides,,,,,,,
333,Phylloscopus_trochiloides,,,,,,,
334,Phylloscopus_xanthoschistos,,,,,,,
335,Pica_pica,,,,,,,
336,Picumnus_innominatus,,,,,,,
337,Picus_canus,,,,,,,
338,Picus_chlorolophus,,,,,,,
339,Picus_flavinucha,,,,,,,
340,Picus_xanthopygaeus,,,,,,,
341,Pitta_nipalensis,,,,,,,
342,Pitta_sordida,,,,,,,
343,Ploceus_benghalensis,,,,,,,
344,Ploceus_manyar,,,,,,,
345,Ploceus_megarhynchus,,,,,,,
346,Ploceus_philippinus,,,,,,,
347,Pnoepyga_albiventer,,,,,,,
348,Pnoepyga_pusilla,,,,,,,
349,Pomatorhinus_erythrogenys,,,,,,,
350,Pomatorhinus_ferruginosus,,,,,,,
351,Pomatorhinus_hypoleucos,,,,,,,
352,Pomatorhinus_ruficollis,,,,,,,
353,Pomatorhinus_schisticeps,,,,,,,
354,Prinia_atrogularis,,,,,,,
355,Prinia_cinereocapilla,,,,,,,
356,Prinia_crinigera,,,,,,,
357,Prinia_flaviventris,,,,,,,
358,Prinia_hodgsonii,,,,,,,
359,Prinia_inornata,,,,,,,
360,Prinia_rufescens,,,,,,,
361,Prinia_socialis,,,,,,,
362,Prinia_sylvatica,,,,,,,
363,Propyrrhula_subhimachala,,,,,,,
364,Prunella_collaris,,,,,,,
365,Prunella_immaculata,,,,,,,
366,Prunella_rubeculoides,,,,,,,
367,Prunella_strophiata,,,,,,,
368,Psarisomus_dalhousiae,,,,,,,
369,Pseudopodoces_humilis,,,,,,,
370,Psittacula_alexandri,,,,,,,
371,Psittacula_eupatria,,,,,,,
372,Psittacula_finschii,,,,,,,
373,Psittacula_himalayana,,,,,,,
374,Psittacula_krameri,,,,,,,
375,Psittacula_roseata,,,,,,,
376,Pteruthius_flaviscapis,,,,,,,
377,Pteruthius_melanotis,,,,,,,
378,Pteruthius_rufiventer,,,,,,,
379,Pteruthius_xanthochlorus,,,,,,,
380,Ptyonoprogne_rupestris,,,,,,,
381,Pycnonotus_cafer,,,,,,,
382,Pycnonotus_flaviventris,,,,,,,
383,Pycnonotus_jocosus,,,,,,,
384,Pycnonotus_leucogenys,,,,,,,
385,Pycnonotus_striatus,,,,,,,
386,Pyrrhocorax_graculus,,,,,,,
387,Pyrrhocorax_pyrrhocorax,,,,,,,
388,Pyrrhoplectes_epauletta,,,,,,,
389,Pyrrhospiza_punicea,,,,,,,
390,Pyrrhula_erythaca,,,,,,,
391,Pyrrhula_erythrocephala,,,,,,,
392,Pyrrhula_nipalensis,,,,,,,
393,Regulus_regulus,,,,,,,
394,Rhipidura_albicollis,,,,,,,
395,Rhyacornis_fuliginosa,,,,,,,
396,Rimator_malacoptilus,,,,,,,
397,Riparia_chinensis,,,,,,,
398,Sasia_ochracea,,,,,,,
399,Saxicola_caprata,,,,,,,
400,Saxicola_ferreus,,,,,,,
401,Saxicola_jerdoni,,,,,,,
402,Saxicola_leucurus,,,,,,,
403,Schoeniparus_castaneceps,,,,,,,
404,Schoeniparus_cinerea,,,,,,,
405,Schoeniparus_dubia,,,,,,,
406,Schoeniparus_rufogularis,,,,,,,
407,Seicercus_affinis,,,,,,,
408,Seicercus_burkii,,,,,,,
409,Seicercus_castaniceps,,,,,,,
410,Seicercus_poliogenys,,,,,,,
411,Seicercus_whistleri,,,,,,,
412,Serilophus_lunatus,,,,,,,
413,Sitta_cinnamoventris,,,,,,,
414,Sitta_formosa,,,,,,,
415,Sitta_frontalis,,,,,,,
416,Sitta_himalayensis,,,,,,,
417,Spelaeornis_caudatus,,,,,,,
418,Spelaeornis_formosus,,,,,,,
419,Spelaeornis_troglodytoides,,,,,,,
420,Sphenocichla_humei,,,,,,,
421,Stachyridopsis_chrysaea,,,,,,,
422,Stachyridopsis_ruficeps,,,,,,,
423,Stachyridopsis_rufifrons,,,,,,,
424,Stachyris_nigriceps,,,,,,,
425,Staphida_castaniceps,,,,,,,
426,Streptopelia_chinensis,,,,,,,
427,Streptopelia_decaocto,,,,,,,
428,Streptopelia_orientalis,,,,,,,
429,Streptopelia_tranquebarica,,,,,,,
430,Strix_leptogrammica,,,,,,,
431,Strix_nivicola,,,,,,,
432,Sturnia_malabarica,,,,,,,
433,Surniculus_lugubris,,,,,,,
434,Sylviparus_modestus,,,,,,,
435,Tachymarptis_melba,,,,,,,
436,Tarsiger_chrysaeus,,,,,,,
437,Tarsiger_hyperythrus,,,,,,,
438,Tarsiger_indicus,,,,,,,
439,Tarsiger_rufilatus,,,,,,,
440,Tephrodornis_gularis,,,,,,,
441,Terpsiphone_paradisi,,,,,,,
442,Tesia_castaneocoronata,,,,,,,
443,Tesia_cyaniventer,,,,,,,
444,Tesia_olivea,,,,,,,
445,Tickellia_hodgsoni,,,,,,,
446,Timalia_pileata,,,,,,,
447,Treron_apicauda,,,,,,,
448,Treron_bicinctus,,,,,,,
449,Treron_curvirostra,,,,,,,
450,Treron_phayrei,,,,,,,
451,Treron_phoenicopterus,,,,,,,
452,Treron_sphenurus,,,,,,,
453,Trochalopteron_affine,,,,,,,
454,Trochalopteron_erythrocephalum,,,,,,,
455,Trochalopteron_imbricatum,,,,,,,
456,Trochalopteron_squamatum,,,,,,,
457,Trochalopteron_subunicolor,,,,,,,
458,Troglodytes_troglodytes,,,,,,,
459,Turdoides_earlei,,,,,,,
460,Turdoides_longirostris,,,,,,,
461,Turdoides_nipalensis,,,,,,,
462,Turdoides_striata,,,,,,,
463,Turdus_albocinctus,,,,,,,
464,Turdus_boulboul,,,,,,,
465,Turdus_unicolor,,,,,,,
466,Tyto_longimembris,,,,,,,
467,Upupa_epops,,,,,,,
468,Urocissa_erythrorhyncha,,,,,,,
469,Urocissa_flavirostris,,,,,,,
470,Xiphirhynchus_superciliaris,,,,,,,
471,Yuhina_bakeri,,,,,,,
472,Yuhina_flavicollis,,,,,,,
473,Yuhina_gularis,,,,,,,
474,Yuhina_nigrimenta,,,,,,,
475,Yuhina_occipitalis,,,,,,,
476,Zoonavena_sylvatica,,,,,,,
477,Zoothera_citrina,,,,,,,
478,Zoothera_dauma,,,,,,,
479,Zoothera_dixoni,,,,,,,
480,Zoothera_marginata,,,,,,,
481,Zoothera_mollissima,,,,,,,
482,Zoothera_monticola,,,,,,,
483,Zoothera_wardii,,,,,,,
484,Zosterops_palpebrosus,,,,,,,
